methode,taux_octroi,taux_Center,tpr_Center,taux_Remote,tpr_Remote,ecart_parite,ecart_eo,ecart_conditionnel_merite,accord_reference,accord_comite
RF production,0.382,0.45859154929577467,0.8552311435523114,0.2710204081632653,0.5729537366548043,0.1875711411325094,0.28227740689750713,0.1896256425458524,0.84,0.8813333333333333
LR sans region,0.4,0.46253521126760566,0.8479318734793188,0.3093877551020408,0.6441281138790036,0.15314745616556485,0.20380375960031516,0.15527663889596038,0.8446666666666667,0.876
ThresholdOptimizer TPR,0.4206666666666667,0.48056338028169016,0.864963503649635,0.33387755102040817,0.6850533807829181,0.14668582926128199,0.17991012286671693,0.14893065437950123,0.8486666666666667,0.878
ThresholdOptimizer DP,0.401,0.39549295774647886,0.7639902676399026,0.4089795918367347,0.8042704626334519,-0.013486634090255856,-0.04028019499354929,-0.010033329864612209,0.8576666666666667,0.8476666666666667
ExpGrad TPR 0.02,0.4,0.46140845070422537,0.8394160583941606,0.3110204081632653,0.6441281138790036,0.15038804254096005,0.19528794451515696,0.1524393199721437,0.84,0.87
ExpGrad DP 0.02,0.4,0.41464788732394364,0.791970802919708,0.3787755102040816,0.7651245551601423,0.03587237711986202,0.026846247759565678,0.04001388022166272,0.8593333333333333,0.862
ExpGrad TPR 0.05,0.4,0.46140845070422537,0.8394160583941606,0.3110204081632653,0.6441281138790036,0.15038804254096005,0.19528794451515696,0.1524393199721437,0.84,0.87
ExpGrad DP 0.05,0.4,0.42422535211267604,0.8077858880778589,0.36489795918367346,0.7491103202846975,0.059327392929002576,0.05867556779316141,0.06377141525878958,0.862,0.8693333333333333
ExpGrad TPR 0.10,0.4,0.46140845070422537,0.8394160583941606,0.3110204081632653,0.6441281138790036,0.15038804254096005,0.19528794451515696,0.1524393199721437,0.84,0.87
ExpGrad DP 0.10,0.4,0.45577464788732397,0.843065693430657,0.31918367346938775,0.6601423487544484,0.13659097441793622,0.18292334467620852,0.13906841710155263,0.848,0.8746666666666667
