lam,taux_octroi,taux_Center,tpr_Center,taux_Remote,tpr_Remote,ecart_parite,ecart_eo,ecart_conditionnel_r,accord_reference,accord_comite
0.0,0.4,0.4715492957746479,0.8686131386861314,0.2963265306122449,0.6263345195729537,0.17522276516240298,0.24227861911317772,0.10534947669059541,0.8493333333333334,0.8713333333333333
0.1,0.4,0.46253521126760566,0.8613138686131386,0.3093877551020408,0.6548042704626335,0.15314745616556485,0.20650959815050518,0.08326015226222179,0.856,0.8713333333333333
0.2,0.4,0.4563380281690141,0.8540145985401459,0.3183673469387755,0.6725978647686833,0.1379706812302386,0.1814167337714626,0.06805960461837945,0.8586666666666667,0.872
0.3,0.4,0.451830985915493,0.8479318734793188,0.3248979591836735,0.6868327402135231,0.1269330267318195,0.1610991332657956,0.056976071296849444,0.8606666666666667,0.8706666666666667
0.4,0.4,0.4433802816901408,0.8345498783454988,0.33714285714285713,0.7064056939501779,0.10623742454728369,0.12814418439532083,0.036241616509000624,0.8606666666666667,0.8706666666666667
0.5,0.4,0.4354929577464789,0.8211678832116789,0.3485714285714286,0.7277580071174378,0.0869215291750503,0.09340987609424112,0.016660623065010476,0.8613333333333333,0.87
0.6,0.4,0.4287323943661972,0.8114355231143552,0.35836734693877553,0.7419928825622776,0.07036504742742167,0.0694426405520776,-0.00023461848792975104,0.8613333333333333,0.8673333333333333
0.7,0.4,0.4180281690140845,0.8041362530413625,0.37387755102040815,0.7669039145907474,0.044150617993676367,0.03723233845061513,-0.026925107931316538,0.8666666666666667,0.8606666666666667
0.8,0.4,0.4112676056338028,0.7931873479318735,0.3836734693877551,0.7829181494661922,0.02759413624604773,0.010269198465681306,-0.0436895283087336,0.8666666666666667,0.8573333333333333
0.9,0.4,0.40619718309859154,0.791970802919708,0.39102040816326533,0.7935943060498221,0.01517677493532621,-0.0016235031301140568,-0.05632700885391283,0.87,0.8553333333333333
1.0,0.4,0.39943661971830985,0.7834549878345499,0.4008163265306122,0.806049822064057,-0.0013797068123023726,-0.022594834229507033,-0.0730946529816563,0.87,0.8533333333333334
1.1,0.4,0.39267605633802816,0.7725060827250608,0.41061224489795917,0.8256227758007118,-0.01793618855993101,-0.05311669307565092,-0.09006113637073902,0.8713333333333333,0.8466666666666667
1.2,0.4,0.38422535211267606,0.7591240875912408,0.4228571428571429,0.8398576512455516,-0.03863179074446682,-0.08073356365431072,-0.11114784956755157,0.8693333333333333,0.84
1.3,0.4,0.3780281690140845,0.7530413625304136,0.43183673469387757,0.8505338078291815,-0.053808565679793086,-0.09749244529876788,-0.1267119388191408,0.87,0.8346666666666667
1.4,0.4,0.37070422535211267,0.745742092457421,0.4424489795918367,0.8647686832740213,-0.07174475423972404,-0.11902659081660039,-0.14501137190127256,0.8713333333333333,0.8273333333333334
1.5,0.4,0.3628169014084507,0.7347931873479319,0.45387755102040817,0.8772241992882562,-0.09106064961195748,-0.14243101194032437,-0.1646848322622329,0.87,0.82
